time,seconds_elapsed,z,y,x
1771873899156889000,0.12488916015625,0,0,0
1771873899166889200,0.13488916015625,0.011927604675292969,0.005460444837808609,-0.014977306127548218
1771873899186890000,0.154889892578125,-0.011940956115722656,-0.0014503002166748047,-0.027295276522636414
1771873899196891600,0.1648916015625,-0.07458972930908203,0.00555100291967392,-0.017266035079956055
1771873899206894300,0.174894287109375,-0.09803390502929688,0.008156202733516693,-0.04437510669231415
1771873899216898000,0.18489794921875,-0.06765079498291016,0.007424287497997284,-0.01941196620464325
1771873899226903000,0.194903076171875,-0.013194084167480469,0.003206942230463028,0.04162375628948212
1771873899236909000,0.204908935546875,0.022255897521972656,-0.0005845949053764343,0.07609929144382477
1771873899246916400,0.214916259765625,0.04156970977783203,-0.00035988911986351013,0.07232517004013062
1771873899256924700,0.224924560546875,0.007358551025390625,-0.0007340013980865479,0.05489489436149597
1771873899266933800,0.234933837890625,-0.028318405151367188,0.003209635615348816,0.03127260506153107
1771873899276943600,0.244943603515625,-0.03938007354736328,0.0028415434062480927,0.003514319658279419
1771873899286954200,0.254954345703125,-0.036581993103027344,0.011702962219715118,-0.015402480959892273
1771873899296964900,0.26496484375,-0.0073528289794921875,0.002451825886964798,-0.011380955576896667
1771873899306976000,0.27497607421875,0.015535354614257812,-0.0019185468554496765,-0.0026786327362060547
1771873899316986400,0.284986328125,0.010118484497070312,-0.0018300488591194153,-0.015842705965042114
1771873899326992600,0.29499267578125,-0.0039920806884765625,-0.00647411122918129,-0.022913098335266113
1771873899336998700,0.30499853515625,-0.026445388793945312,0.0028169527649879456,-0.0161733478307724
1771873899347004700,0.315004638671875,-0.02967357635498047,0.007302369922399521,-0.02001383900642395
1771873899357010700,0.3250107421875,-0.014599800109863281,-0.006448548287153244,0.002638190984725952
1771873899367016700,0.3350166015625,-0.00481414794921875,0.0032646358013153076,0.010554417967796326
1771873899377022700,0.345022705078125,-0.0000324249267578125,0.0033011548221111298,0.027912825345993042
1771873899387028700,0.35502880859375,-0.0046176910400390625,0.0032396800816059113,0.04520648717880249
1771873899397034800,0.36503466796875,0.004767417907714844,0.0029860585927963257,0.025414779782295227
1771873899407041000,0.375041015625,-0.009221076965332031,0.00284634530544281,0.024842381477355957
1771873899417047000,0.385047119140625,-0.013490676879882812,0.0028173811733722687,0.014700457453727722
1771873899427053000,0.395052978515625,-0.008396148681640625,-0.001722574234008789,0.013871252536773682
1771873899437059000,0.40505908203125,-0.0034875869750976562,-0.006108183413743973,0.013088375329971313
1771873899447065000,0.415065185546875,0.0012607574462890625,0.003326214849948883,0.0035986900329589844
1771873899457071000,0.425071044921875,-0.0034046173095703125,-0.0014400184154510498,-0.02381153404712677
1771873899467077000,0.4350771484375,-0.007925033569335938,0.0031167492270469666,-0.04090854525566101
1771873899477083100,0.445083251953125,-0.016963958740234375,0.0030992738902568817,-0.039260417222976685
1771873899487089200,0.455089111328125,-0.011822700500488281,0.0030851513147354126,-0.01052643358707428
1771873899497095200,0.46509521484375,-0.011500358581542969,0.003280412405729294,0.0028089433908462524
1771873899507101400,0.475101318359375,-0.0018854141235351562,-0.001284770667552948,0.020431622862815857
1771873899517107500,0.485107421875,0.007477760314941406,-0.0011709704995155334,0.03354905545711517
1771873899527113500,0.495113525390625,0.0026226043701171875,-0.0011653155088424683,0.028208985924720764
1771873899537119500,0.505119384765625,-0.002101898193359375,0.003402482718229294,0.004670485854148865
1771873899547125500,0.51512548828125,-0.011379241943359375,0.0032922253012657166,0.00029568374156951904
1771873899557131500,0.525131591796875,-0.01577472686767578,0.0031885579228401184,0.0001856684684753418
1771873899567137500,0.535137451171875,-0.006056785583496094,-0.0013797059655189514,-0.00022977590560913086
1771873899577143600,0.5451435546875,0.0034322738647460938,0.0034087933599948883,-0.014564037322998047
1771873899587149600,0.555149658203125,-0.0013275146484375,0.003410741686820984,-0.009656429290771484
1771873899597155600,0.565155517578125,-0.010660171508789062,-0.0013704635202884674,-0.004657134413719177
1771873899607161900,0.575161865234375,-0.005745887756347656,0.008002664893865585,0.00939437747001648
1771873899617168000,0.58516796875,-0.000942230224609375,0.0033283792436122894,0.01357191801071167
1771873899627174000,0.595173828125,-0.010306358337402344,0.0034416280686855316,0.01756557822227478
1771873899637180000,0.605179931640625,0.0039691925048828125,-0.00593220442533493,0.021485790610313416
1771873899647186000,0.61518603515625,0.0038881301879882812,-0.00573575496673584,0.020953238010406494
1771873899657192000,0.62519189453125,-0.0008792877197265625,-0.0009559057652950287,0.011360391974449158
1771873899667198200,0.6351982421875,0.0038423538208007812,0.008328422904014587,-0.011823862791061401
1771873899677204200,0.645204345703125,-0.010318756103515625,0.0034478865563869476,-0.020686909556388855
1771873899687210200,0.655210205078125,-0.010127067565917969,-0.00614403560757637,-0.03429946303367615
1771873899697216500,0.665216552734375,-0.000545501708984375,0.0034482888877391815,-0.024582773447036743
1771873899707222500,0.675222412109375,-0.009949684143066406,0.0034665167331695557,-0.00584903359413147
1771873899717228500,0.685228515625,-0.0050811767578125,-0.0012188628315925598,0.02656400203704834
1771873899727234600,0.695234619140625,0.0044116973876953125,0.0036912374198436737,0.025692254304885864
1771873899737240800,0.70524072265625,-0.000370025634765625,-0.0009986944496631622,0.015842154622077942
1771873899747246800,0.715246826171875,0.004352569580078125,0.003702975809574127,-0.002842620015144348
1771873899757252900,0.7252529296875,-0.0051288604736328125,0.0035124123096466064,-0.011694878339767456
1771873899767259100,0.735259033203125,-0.014456748962402344,-0.0012801140546798706,-0.02070997655391693
1771873899777265200,0.74526513671875,-0.01422119140625,0.008238308131694794,-0.015966743230819702
1771873899787271200,0.755271240234375,-0.00457763671875,0.0035757459700107574,-0.00219571590423584
1771873899797277400,0.76527734375,0.0049076080322265625,0.0035960376262664795,-0.002676531672477722
1771873899807283500,0.775283447265625,-0.0045928955078125,-0.005803026258945465,0.0019735097885131836
1771873899817289500,0.78528955078125,0.004904747009277344,0.003685496747493744,-0.007269412279129028
1771873899827295500,0.79529541015625,-0.004588127136230469,0.0037021301686763763,-0.0021290332078933716
1771873899837301800,0.8053017578125,-0.009221076965332031,0.0038219355046749115,0.011929064989089966
1771873899847307800,0.815307861328125,-0.013782501220703125,0.003836296498775482,0.01602533459663391
1771873899857313800,0.825313720703125,0.005274772644042969,0.00395386666059494,0.02005334198474884
1771873899867320000,0.835320068359375,0.005185127258300781,0.003966040909290314,0.014907360076904297
1771873899877326000,0.845326171875,0.00039577484130859375,0.003874562680721283,-0.003864869475364685
1771873899887332000,0.85533203125,-0.0043087005615234375,0.008391574025154114,-0.017305731773376465
1771873899897338400,0.86533837890625,-0.004231452941894531,0.0035177282989025116,-0.02141527831554413
1771873899907344400,0.875344482421875,-0.004162788391113281,-0.0011714324355125427,-0.03057873249053955
1771873899917350400,0.885350341796875,0.0006084442138671875,0.003740016371011734,-0.02577441930770874
1771873899927356400,0.8953564453125,-0.004118919372558594,0.003859184682369232,0.007098376750946045
1771873899937362700,0.90536279296875,-0.004058837890625,-0.0008338429033756256,0.00646267831325531
1771873899947368700,0.91536865234375,-0.008703231811523438,-0.010157257318496704,0.006147921085357666
1771873899957374700,0.925374755859375,0.0008630752563476562,-0.0005961582064628601,0.0015440285205841064
1771873899967381000,0.935381103515625,0.0008516311645507812,0.00399354100227356,0.0017254501581192017
1771873899977387000,0.945386962890625,-0.0038709640502929688,-0.0007017254829406738,0.0016965121030807495
1771873899987393000,0.95539306640625,-0.013226509094238281,-0.0005085282027721405,0.001461625099182129
1771873899997399300,0.9653994140625,-0.00830078125,-0.0004201754927635193,0.005938798189163208
1771873900007405300,0.9754052734375,0.001251220703125,0.004373479634523392,-0.00378398597240448
1771873900017411300,0.985411376953125,0.005942344665527344,-0.00043338164687156677,-0.012930944561958313
1771873900027417600,0.99541748046875,-0.0035648345947265625,-0.00045153871178627014,-0.04044952988624573
1771873900037423600,1.005423583984375,-0.0034999847412109375,0.00424102321267128,-0.044173821806907654
1771873900047429600,1.0154296875,-0.012860298156738281,0.008958827704191208,-0.034124016761779785
1771873900057435600,1.025435546875,-0.012656211853027344,0.004284236580133438,-0.015341699123382568
1771873900067442000,1.03544189453125,-0.012460708618164062,-0.004917610436677933,0.012234494090080261
1771873900077448000,1.045447998046875,0.0065670013427734375,0.000056259334087371826,0.053580328822135925
1771873900087454000,1.055453857421875,-0.0029697418212890625,0.009550575166940689,0.08031861484050751
1771873900097460200,1.065460205078125,0.011202812194824219,0.00005048885941505432,0.0787738561630249
1771873900107466200,1.07546630859375,0.011022567749023438,0.00002251937985420227,0.040206655859947205
1771873900117472300,1.08547216796875,0.001438140869140625,-0.00010842829942703247,0.012320086359977722
1771873900127478500,1.095478515625,-0.0032777786254882812,0.009076546877622604,-0.024518921971321106
1771873900137484500,1.105484619140625,-0.012630462646484375,0.004189502447843552,-0.04703189432621002
1771873900147490600,1.115490478515625,-0.012415885925292969,0.008804719895124435,-0.06487573683261871
1771873900157496600,1.12549658203125,-0.0075054168701171875,0.004027422517538071,-0.05939587950706482
1771873900167502800,1.1355029296875,0.0020246505737304688,0.004143606871366501,-0.035587161779403687
1771873900177508900,1.1455087890625,-0.0027265548706054688,0.004154421389102936,-0.026094168424606323
1771873900187515000,1.155514892578125,0.006731986999511719,-0.0005435347557067871,-0.021157696843147278
1771873900197521200,1.165521240234375,0.006617546081542969,-0.005163196474313736,-0.006782889366149902
1771873900207527200,1.175527099609375,-0.007622718811035156,0.004419926553964615,0.016666099429130554
1771873900217533200,1.185533203125,-0.007503509521484375,-0.00038588792085647583,0.015974432229995728
1771873900227539500,1.19553955078125,0.0020303726196289062,0.004407186061143875,0.024608492851257324
1771873900237545500,1.20554541015625,-0.007427215576171875,-0.0002968013286590576,0.03791069984436035
1771873900247551500,1.215551513671875,0.0068206787109375,-0.005025818943977356,0.03246711194515228
1771873900257557800,1.225557861328125,0.011419296264648438,-0.004865780472755432,0.013299211859703064
1771873900267563800,1.235563720703125,0.001819610595703125,-0.00010144710540771484,-0.0006342232227325439
1771873900277569800,1.24556982421875,0.001796722412109375,-0.00012512505054473877,-0.014335423707962036
1771873900287575800,1.255575927734375,-0.012352943420410156,0.00456199049949646,-0.03732936084270477
1771873900297582000,1.26558203125,0.0019788742065429688,-0.00014458224177360535,-0.03199833631515503
1771873900307588000,1.275588134765625,-0.00276947021484375,0.004646290093660355,-0.013044536113739014
1771873900317594000,1.285593994140625,0.0019750595092773438,-0.00005987286567687988,0.0006779134273529053
1771873900327600400,1.295600341796875,0.0019359588623046875,0.004831206053495407,0.014378979802131653
1771873900337606400,1.3056064453125,0.0019016265869140625,0.00012015551328659058,0.014036193490028381
1771873900347612400,1.3156123046875,-0.0028352737426757812,0.004904810339212418,0.014009416103363037
1771873900357618700,1.32561865234375,0.001926422119140625,0.00008910521864891052,-0.00003927946090698242
1771873900367624700,1.335624755859375,-0.0028123855590820312,0.00006224960088729858,-0.004643499851226807
1771873900377630700,1.345630615234375,-0.0168914794921875,0.004744432866573334,-0.013982996344566345
1771873900387636700,1.35563671875,-0.0024862289428710938,0.000034827739000320435,-0.02327027916908264
1771873900397643000,1.36564306640625,-0.002445220947265625,0.004822704941034317,-0.0228826105594635
1771873900407649000,1.37564892578125,-0.0024042129516601562,0.00011178478598594666,-0.013083741068840027
1771873900417655000,1.385655029296875,0.00234222412109375,0.004898384213447571,-0.00826069712638855
1771873900427661300,1.395661376953125,-0.0024089813232421875,0.00960339605808258,-0.008329585194587708
1771873900437667300,1.405667236328125,-0.0070819854736328125,0.004814606159925461,0.0056245774030685425
1771873900447673300,1.41567333984375,0.0024480819702148438,0.00010563433170318604,0.014637589454650879
1771873900457679600,1.4256796875,0.00240325927734375,0.004788905382156372,0.01418660581111908
1771873900467685600,1.435685546875,0.007071495056152344,0.004787154495716095,0.004533261060714722
1771873900477691600,1.445691650390625,0.002246856689453125,-0.00002658739686012268,0.004561439156532288
1771873900487697700,1.45569775390625,-0.0072040557861328125,0.009469110518693924,-0.000016033649444580078
1771873900497704000,1.465703857421875,-0.0023756027221679688,-0.00013126805424690247,-0.004724100232124329
1771873900507710000,1.4757099609375,0.0023698806762695312,0.009366169571876526,-0.00956052541732788
1771873900517716000,1.485716064453125,-0.00238037109375,0.00457952544093132,-0.0000871419906616211
1771873900527722200,1.49572216796875,-0.0023403167724609375,-0.0002307593822479248,-0.00008541345596313477
1771873900537728300,1.505728271484375,0.002407073974609375,0.0045597366988658905,-0.00008371472358703613
1771873900547734300,1.515734375,-0.0023412704467773438,-0.00014679133892059326,-0.014207825064659119
1771873900557740500,1.525740478515625,-0.0022983551025390625,0.004538878798484802,-0.009055301547050476
1771873900567746600,1.53574658203125,-0.006968498229980469,0.00454128161072731,-0.008904099464416504
1771873900577752600,1.545752685546875,-0.0021457672119140625,-0.00016313791275024414,-0.008859291672706604
1771873900587758800,1.5557587890625,0.0025949478149414062,0.004522800445556641,-0.004209622740745544
1771873900597764900,1.565764892578125,-0.00215911865234375,-0.00018312036991119385,0.00046600401401519775
1771873900607771000,1.57577099609375,-0.006834983825683594,0.004606574773788452,0.00966884195804596
1771873900617777000,1.58577685546875,0.007401466369628906,0.004609659314155579,0.004592090845108032
1771873900627783200,1.595783203125,0.0072765350341796875,-0.00009769946336746216,-0.000296175479888916
1771873900637789200,1.6057890625,-0.0022602081298828125,-0.004828236997127533,-0.009605199098587036
1771873900647795200,1.615795166015625,-0.0069293975830078125,-0.00006453320384025574,-0.014049991965293884
1771873900657801500,1.625801513671875,-0.0021038055419921875,0.004723191261291504,-0.023129314184188843
1771873900667807500,1.635807373046875,-0.0020704269409179688,0.00932769849896431,-0.01813836395740509
1771873900677813500,1.6458134765625,-0.006749153137207031,0.009252101182937622,0.0006878972053527832
1771873900697825800,1.66582568359375,-0.0019130706787109375,0.009386476129293442,0.01824033260345459
1771873900707831800,1.675831787109375,0.0028285980224609375,0.004704713821411133,0.017936155200004578
1771873900717837800,1.685837890625,0.0027856826782226562,-0.00021107494831085205,0.008530572056770325
1771873900727843800,1.69584375,-0.0019636154174804688,-0.00023291632533073425,-0.005426853895187378
1771873900737849900,1.705849853515625,-0.0019254684448242188,0.004454195499420166,-0.0050258636474609375
1771873900747856000,1.71585595703125,-0.006602287292480469,-0.00025238096714019775,-0.014358550310134888
1771873900757862000,1.72586181640625,0.0029201507568359375,0.0045384690165519714,-0.005012035369873047
1771873900767868000,1.735867919921875,0.0028667449951171875,0.004542682319879532,-0.009947523474693298
1771873900777874000,1.7458740234375,0.0028162002563476562,0.004545029252767563,-0.0005710870027542114
1771873900787880200,1.755880126953125,-0.0019378662109375,0.004547338932752609,-0.009875074028968811
1771873900797886200,1.76588623046875,0.0028066635131835938,-0.00026060640811920166,-0.00950382649898529
1771873900807892200,1.775892333984375,-0.0019483566284179688,-0.00017820671200752258,-0.009345144033432007
1771873900817898200,1.785898193359375,-0.0019197463989257812,0.00450979545712471,-0.009396404027938843
1771873900827904300,1.795904296875,-0.0018901824951171875,-0.004904504865407944,-0.004737764596939087
1771873900837910300,1.80591015625,0.0028467178344726562,-0.000034306198358535767,-0.009574413299560547
1771873900847916300,1.815916259765625,0.0027971267700195312,0.009461510926485062,-0.009517967700958252
1771873900857922300,1.82592236328125,-0.0019578933715820312,-0.00013693422079086304,-0.01406809687614441
1771873900867928300,1.83592822265625,-0.0066356658935546875,-0.0000565946102142334,-0.0045195817947387695
1771873900877934300,1.845934326171875,-0.001819610595703125,0.004732798784971237,0.004765927791595459
1771873900887940600,1.855940673828125,0.0029125213623046875,0.004731975495815277,0.008981704711914062
1771873900897946600,1.865946533203125,-0.0018472671508789062,0.0000225752592086792,0.008625462651252747
1771873900907952600,1.87595263671875,-0.0018167495727539062,-0.0000013671815395355225,0.013190135359764099
1771873900917958700,1.885958740234375,0.0029239654541015625,-0.004631884396076202,0.003656819462776184
1771873900927964700,1.895964599609375,0.0028791427612304688,0.009649164974689484,-0.005614191293716431
1771873900937970700,1.905970703125,0.0028352737426757812,0.009462986141443253,-0.014730677008628845
1771873900947976700,1.915976806640625,-0.0019207000732421875,0.00457310676574707,-0.023902535438537598
1771873900957982700,1.925982666015625,-0.011307716369628906,-0.00013184547424316406,-0.028316348791122437
1771873900967988700,1.93598876953125,-0.006412506103515625,0.009367402642965317,-0.023239418864250183
1771873900977994800,1.945994873046875,-0.0016021728515625,0.009291138499975204,-0.009036734700202942
1771873900988001000,1.9560009765625,0.0031280517578125,-0.00009763240814208984,-0.009196549654006958
1771873900998007000,1.966007080078125,-0.0016374588012695312,-0.000016149133443832397,0.014189288020133972
1771873901008013000,1.976012939453125,-0.006321907043457031,0.004770766943693161,0.023163437843322754
1771873901018019000,1.98601904296875,-0.0015087127685546875,0.004872728139162064,0.013257071375846863
1771873901028025000,1.996025146484375,0.00322723388671875,0.004766155034303665,0.01313982903957367
1771873901038031400,2.00603125,0.003177642822265625,0.00005618482828140259,-0.0009978264570236206
1771873901048037400,2.016037353515625,-0.00628662109375,0.00013330578804016113,-0.014796435832977295
1771873901058043400,2.02604345703125,-0.0061779022216796875,0.00010572001338005066,-0.014342695474624634
1771873901068049700,2.036049560546875,-0.010783195495605469,0.00007858872413635254,-0.02822914719581604
1771873901078055700,2.0460556640625,-0.0011882781982421875,-0.004551466554403305,-0.018445074558258057
1771873901088061700,2.056061767578125,-0.0011730194091796875,0.00041625648736953735,-0.013739466667175293
1771873901098068000,2.06606787109375,-0.00115966796875,0.0005907788872718811,0.004910558462142944
1771873901108074000,2.076073974609375,-0.0011434555053710938,0.0053675733506679535,0.009330779314041138
1771873901118080000,2.086080078125,0.0035810470581054688,0.0007509849965572357,0.018385931849479675
1771873901128086000,2.0960859375,0.003520965576171875,0.0054217055439949036,0.018079787492752075
1771873901138092300,2.10609228515625,-0.0059528350830078125,0.0007008090615272522,0.0037563741207122803
1771873901148098300,2.116098388671875,-0.0011415481567382812,0.0006637685000896454,-0.0008077025413513184
1771873901158104300,2.126104248046875,-0.0058269500732421875,0.0006273463368415833,-0.0052957236766815186
1771873901168110600,2.136110595703125,-0.005726814270019531,0.0007983557879924774,-0.014520928263664246
1771873901178116600,2.14611669921875,-0.0009250640869140625,-0.003843698650598526,-0.014382496476173401
1771873901188122600,2.15612255859375,-0.005621910095214844,0.005612190812826157,-0.009640723466873169
1771873901198129000,2.16612890625,-0.0008220672607421875,0.0009915195405483246,0.004439219832420349
1771873901208135000,2.176135009765625,-0.005518913269042969,0.001053042709827423,0.00426211953163147
1771873901218141000,2.186140869140625,-0.005429267883300781,0.005823932588100433,0.013504698872566223
1771873901228147000,2.19614697265625,-0.0006303787231445312,0.0009929165244102478,0.008571311831474304
1771873901238153200,2.2061533203125,0.004090309143066406,0.0009510107338428497,-0.010302230715751648
1771873901248159200,2.2161591796875,-0.005391120910644531,0.0057218000292778015,-0.009923413395881653
1771873901258165200,2.226165283203125,-0.000591278076171875,-0.0037127062678337097,-0.009654328227043152
1771873901268171500,2.236171630859375,-0.0052928924560546875,-0.0035727843642234802,-0.014408528804779053
1771873901278177500,2.246177490234375,-0.0004987716674804688,0.010690595954656601,-0.009666308760643005
1771873901288183600,2.25618359375,-0.005202293395996094,0.010695673525333405,-0.0002949833869934082
1771873901298189800,2.26618994140625,-0.0004100799560546875,0.005886860191822052,-0.0052051842212677
1771873901308195800,2.27619580078125,0.004303932189941406,-0.003550402820110321,-0.005221545696258545
1771873901328208000,2.296207763671875,-0.0004711151123046875,0.010407023131847382,-0.0005216449499130249
1771873901338214100,2.306214111328125,-0.00046634674072265625,0.0008944310247898102,0.003989130258560181
1771873901348220200,2.31622021484375,-0.00046062469482421875,0.0009575746953487396,-0.0008890628814697266
1771873901358226200,2.32622607421875,-0.00045299530029296875,0.0010196641087532043,-0.000873953104019165
1771873901368232400,2.336232421875,-0.00044536590576171875,0.0010807178914546967,0.0038494914770126343
1771873901378238500,2.346238525390625,-0.009855270385742188,0.0011407546699047089,-0.00092296302318573
1771873901388244500,2.356244384765625,-0.004982948303222656,0.0013049915432929993,-0.0010111629962921143
1771873901398250800,2.366250732421875,0.004519462585449219,-0.003347311168909073,-0.005599215626716614
1771873901408256800,2.3762568359375,-0.00026035308837890625,0.001391720026731491,-0.01942458748817444
1771873901418262800,2.3862626953125,-0.004962921142578125,0.00605175644159317,-0.02370573580265045
1771873901428269000,2.39626904296875,-0.009589195251464844,0.001218743622303009,-0.028019413352012634
1771873901438275000,2.406275146484375,-0.0000171661376953125,0.005985058844089508,-0.009027943015098572
1771873901448281000,2.416281005859375,-0.00002765655517578125,0.0013599619269371033,0.004627719521522522
1771873901458287000,2.426287109375,-0.00003719329833984375,-0.003191661089658737,0.02747391164302826
1771873901468293400,2.43629345703125,0.009375572204589844,0.0016499683260917664,0.036122843623161316
1771873901478299400,2.44629931640625,0.004512786865234375,0.006305713206529617,0.03091590106487274
1771873901488305400,2.456305419921875,0.0044460296630859375,0.001363273710012436,0.012083575129508972
1771873901498311700,2.466311767578125,0.004382133483886719,-0.0033951811492443085,-0.001622423529624939
1771873901508317700,2.476317626953125,-0.005100250244140625,0.010760050266981125,-0.015306785702705383
1771873901518323700,2.48632373046875,-0.005013465881347656,0.005950164049863815,-0.024365171790122986
1771873901528330000,2.496330078125,-0.0002231597900390625,-0.0034881532192230225,-0.02877078950405121
1771873901538336000,2.5063359375,0.004485130310058594,-0.003455381840467453,-0.014372006058692932
1771873901548342000,2.516342041015625,-0.000301361083984375,0.0014922544360160828,-0.009630396962165833
1771873901558348000,2.52634814453125,0.004412651062011719,0.0061506107449531555,-0.004761010408401489
1771873901568354300,2.536354248046875,-0.005078315734863281,0.001417551189661026,-0.0046813637018203735
1771873901578360300,2.5463603515625,-0.014409065246582031,0.0014719665050506592,-0.004499644041061401
1771873901588366300,2.556366455078125,-0.00004482269287109375,0.006235867738723755,0.00018037855625152588
1771873901598372600,2.56637255859375,-0.00004673004150390625,0.001501385122537613,0.004679441452026367
1771873901608378600,2.576378662109375,-0.0000476837158203125,0.0062629953026771545,-0.00021025538444519043
1771873901618384600,2.586384521484375,-0.00004482269287109375,0.0015280619263648987,-0.0048116594552993774
1771873901628391000,2.596390869140625,-0.0047512054443359375,0.0015806332230567932,0.00008083879947662354
1771873901638397000,2.60639697265625,-0.004672050476074219,0.011049516499042511,-0.0093374103307724
1771873901648403000,2.61640283203125,-0.004593849182128906,0.0015262030065059662,-0.013890087604522705
1771873901658409200,2.6264091796875,-0.004519462585449219,0.001475401222705841,-0.013761699199676514
1771873901668415200,2.636415283203125,-0.0044460296630859375,0.0061358436942100525,-0.008927330374717712
1771873901678421200,2.646421142578125,0.00033473968505859375,0.00611342117190361,-0.018299326300621033
1771873901688427300,2.65642724609375,0.00032901763916015625,0.0013827867805957794,-0.017994508147239685
1771873901698433500,2.66643359375,0.00032138824462890625,0.00614817813038826,-0.013089567422866821
1771873901708439600,2.676439453125,0.00031280517578125,0.0014151446521282196,0.0010478794574737549
1771873901718445600,2.686445556640625,-0.0044078826904296875,0.006281577050685883,0.0006171166896820068
1771873901728451800,2.696451904296875,0.00036907196044921875,0.001548130065202713,0.01913084089756012
1771873901738457900,2.706457763671875,0.0003604888916015625,-0.007816825062036514,0.018605485558509827
1771873901748463900,2.7164638671875,-0.004352569580078125,0.0018086880445480347,0.01839907467365265
1771873901758470100,2.72647021484375,0.005143165588378906,0.0018565841019153595,-0.009848684072494507
1771873901768476200,2.73647607421875,-0.004352569580078125,0.011320870369672775,-0.02339644730091095
1771873901778482200,2.746482177734375,-0.013691902160644531,0.0065016187727451324,-0.017987430095672607
1771873901788488200,2.75648828125,-0.008757591247558594,0.0017626918852329254,-0.0131855309009552
1771873901798494500,2.766494384765625,0.005505561828613281,0.006625138223171234,-0.004065722227096558
1771873901808500500,2.77650048828125,-0.004010200500488281,0.006697952747344971,0.005005493760108948
1771873901818506500,2.786506591796875,0.0007619857788085938,-0.0027528367936611176,0.018841370940208435
1771873901828512800,2.7965126953125,0.005459785461425781,0.0019762851297855377,0.009213835000991821
1771873901838518800,2.806518798828125,-0.004040718078613281,0.011336982250213623,-0.004652127623558044
1771873901848524800,2.81652490234375,0.000743865966796875,0.001602083444595337,-0.022891715168952942
1771873901858531000,2.826531005859375,-0.003971099853515625,0.0016552247107028961,-0.03161737322807312
1771873901868537000,2.836537109375,-0.008617401123046875,0.006414253264665604,-0.03129690885543823
1771873901878543000,2.846543212890625,-0.0037736892700195312,-0.0029284320771694183,-0.02187475562095642
1771873901888549400,2.85654931640625,-0.0037174224853515625,0.001908816397190094,-0.003089532256126404
1771873901898555400,2.866555419921875,-0.003662109375,0.0019550248980522156,0.02009168267250061
1771873901908561400,2.8765615234375,0.001102447509765625,-0.007416725158691406,0.024155542254447937
1771873901918567400,2.8865673828125,0.0010824203491210938,0.0022021085023880005,0.01894126832485199
1771873901928573700,2.89657373046875,-0.0036382675170898438,0.011557240039110184,0.009518861770629883
1771873901938579700,2.906579833984375,0.005846977233886719,0.001922067254781723,-0.018477514386177063
1771873901948585700,2.916585693359375,-0.003662109375,0.0018664784729480743,-0.03198535740375519
1771873901958592000,2.926592041015625,0.0011091232299804688,0.011332400143146515,-0.02664044499397278
1771873901968598000,2.936597900390625,-0.008333206176757812,0.006618160754442215,-0.012484386563301086
1771873901978604000,2.94660400390625,-0.008204460144042969,0.0019824951887130737,0.0012289732694625854
1771873901988610300,2.9566103515625,0.0060482025146484375,0.0021326765418052673,0.019422367215156555
1771873901998616300,2.9666162109375,0.0059452056884765625,0.006883755326271057,0.004869773983955383
1771873902008622300,2.976622314453125,-0.0035657882690429688,0.01145407184958458,0.005098611116409302
1771873902018628400,2.98662841796875,-0.0035009384155273438,0.006531015038490295,-0.004093572497367859
1771873902028634600,2.996634521484375,-0.012857437133789062,0.01110721006989479,-0.013339310884475708
1771873902038640600,3.006640625,-0.007939338684082031,0.0015847347676753998,-0.004010140895843506
1771873902048646700,3.016646728515625,0.0016031265258789062,0.001638159155845642,0.005060181021690369
1771873902058653000,3.02665283203125,0.006281852722167969,-0.003017909824848175,0.000060304999351501465
1771873902068659000,3.036658935546875,0.006176948547363281,0.006424218416213989,-0.00464901328086853
1771873902078665000,3.0466650390625,-0.003337860107421875,0.006291788071393967,0.00044752657413482666
1771873902088671200,3.056671142578125,-0.0032825469970703125,0.010973546653985977,0.009857550263404846
1771873902098677200,3.06667724609375,-0.003231048583984375,0.0061618871986866,0.00006912648677825928
1771873902108683300,3.076683349609375,0.0062351226806640625,0.0015320107340812683,-0.000241890549659729
1771873902118689300,3.086689208984375,0.0014209747314453125,-0.0032256804406642914,-0.005050033330917358
1771873902128695600,3.096695556640625,-0.0033092498779296875,0.0063233040273189545,-0.004862189292907715
1771873902138701600,3.10670166015625,-0.007961273193359375,0.00158734992146492,-0.009386062622070312
1771873902148707600,3.11670751953125,0.0015888214111328125,0.006349317729473114,0.004895985126495361
1771873902158713900,3.1267138671875,0.0015573501586914062,0.011030122637748718,0.009213119745254517
1771873902168720000,3.136719970703125,0.0015268325805664062,-0.0030980855226516724,0.008749708533287048
1771873902178726000,3.146725830078125,0.006206512451171875,0.0016367994248867035,0.017814606428146362
1771873902188732200,3.156732177734375,0.0013942718505859375,0.006396148353815079,0.012809395790100098
1771873902198738200,3.16673828125,-0.00333404541015625,0.0016589909791946411,0.01280297338962555
1771873902208744200,3.176744140625,0.001434326171875,-0.0032059960067272186,-0.005934357643127441
1771873902218750200,3.186750244140625,0.0014162063598632812,-0.0030745305120944977,-0.019650787115097046
1771873902228756200,3.196756103515625,0.0013942718505859375,0.0064719319343566895,-0.028636768460273743
1771873902238762200,3.20676220703125,0.001369476318359375,0.0064420923590660095,-0.028262585401535034
1771873902248768300,3.216768310546875,-0.0033655166625976562,0.01101795956492424,-0.02328944206237793
1771873902258774500,3.2267744140625,-0.0033159255981445312,0.0016003549098968506,-0.004480630159378052
1771873902268780500,3.236780517578125,0.0014390945434570312,0.0017550960183143616,0.009203210473060608
1771873902278786600,3.24678662109375,0.0014104843139648438,0.011326249688863754,0.022865280508995056
1771873902288792600,3.25679248046875,-0.0033216476440429688,-0.0029102787375450134,0.02248448133468628
1771873902298798600,3.266798583984375,-0.007968902587890625,0.006530068814754486,0.003585800528526306
1771873902308804600,3.2768046875,-0.0031213760375976562,0.006292499601840973,-0.005477339029312134
1771873902318810600,3.286810546875,-0.007770538330078125,0.010870866477489471,-0.019098013639450073
1771873902328816600,3.296816650390625,-0.012348175048828125,0.0060609132051467896,-0.0186765193939209
1771873902338822700,3.30682275390625,-0.0074367523193359375,0.006036106497049332,-0.023279845714569092
1771873902348828700,3.31682861328125,-0.0026111602783203125,0.00601533055305481,-0.018596947193145752
1771873902358835000,3.3268349609375,0.0021381378173828125,0.010806877166032791,-0.004368141293525696
1771873902368841000,3.336841064453125,0.0020999908447265625,0.005996182560920715,-0.004501789808273315
1771873902378847000,3.346846923828125,0.002063751220703125,0.0010607242584228516,0.0049902647733688354
1771873902388853000,3.35685302734375,0.0020313262939453125,0.005726281553506851,0.0003021657466888428
1771873902398859000,3.36685888671875,0.0019969940185546875,0.0008968934416770935,-0.004411190748214722
1771873902408865000,3.376864990234375,0.0019617080688476562,0.005670364946126938,-0.009149819612503052
1771873902418871000,3.38687109375,-0.002780914306640625,0.005757257342338562,-0.009100407361984253
1771873902428877000,3.396876953125,-0.0027370452880859375,0.0010307282209396362,0.004970580339431763
1771873902438883000,3.406883056640625,0.0067234039306640625,0.0010933764278888702,0.004784181714057922
1771873902448889000,3.41688916015625,0.0019006729125976562,0.001154981553554535,-0.00010770559310913086
1771873902458895400,3.426895263671875,0.006577491760253906,0.001110374927520752,0.009311571717262268
1771873902468901400,3.4369013671875,-0.0029497146606445312,0.00587848573923111,-0.0002605170011520386
1771873902478907400,3.446907470703125,-0.0029020309448242188,-0.003558654338121414,-0.005067870020866394
1771873902488913400,3.456913330078125,0.0065631866455078125,0.005995873361825943,-0.004983112215995789
1771873902498919400,3.46691943359375,-0.0029630661010742188,0.0011619962751865387,-0.00019116699695587158
1771873902508925700,3.47692578125,-0.007624626159667969,0.0012206584215164185,0.009022727608680725
1771873902518931700,3.486931640625,-0.0027904510498046875,0.010695531964302063,0.004060670733451843
1771873902528937700,3.496937744140625,0.001964569091796875,0.0057833194732666016,0.003993287682533264
1771873902538944000,3.506944091796875,0.011350631713867188,0.0010563693940639496,-0.0006781965494155884
1771873902548950000,3.516949951171875,0.00174713134765625,0.005618616938591003,-0.005168437957763672
1771873902558956000,3.5269560546875,0.006428718566894531,0.0008944086730480194,-0.019104421138763428
1771873902568962000,3.536962158203125,-0.0030956268310546875,0.0009575262665748596,-0.009368523955345154
1771873902578968300,3.54696826171875,-0.0030460357666015625,0.0010214000940322876,-0.014024540781974792
1771873902588974300,3.556974365234375,-0.00299835205078125,0.0010824017226696014,-0.013997271656990051
1771873902598980400,3.56698046875,-0.0029516220092773438,0.005850978195667267,-0.013970449566841125
1771873902608986600,3.576986572265625,-0.0029048919677734375,0.010540083050727844,-0.009235486388206482
1771873902618992600,3.58699267578125,-0.0028591156005859375,0.005735643208026886,0.004837289452552795
1771873902628998700,3.59699853515625,0.0018939971923828125,0.005718071013689041,0.00925879180431366
1771873902639005000,3.6070048828125,0.0018606185913085938,0.000888824462890625,0.004292801022529602
1771873902649011000,3.617010986328125,-0.007587432861328125,0.005660630762577057,0.0042215436697006226
1771873902659017000,3.627016845703125,0.0019578933715820312,-0.003876257687807083,-0.00045374035835266113
1771873902669023000,3.63702294921875,-0.0027799606323242188,0.0009749718010425568,-0.009656324982643127
1771873902679029200,3.647029296875,-0.0027294158935546875,0.0009333640336990356,-0.013996914029121399
1771873902689035300,3.65703515625,-0.00739288330078125,-0.0037127695977687836,-0.0043461620807647705
1771873902709047600,3.677047607421875,-0.00252532958984375,-0.003485295921564102,-0.004794761538505554
1771873902719053600,3.687053466796875,0.0022230148315429688,0.01077660545706749,-0.00010932981967926025
1771873902729059600,3.6970595703125,0.006897926330566406,0.005864843726158142,-0.014026716351509094
1771873902739065900,3.70706591796875,-0.0026302337646484375,0.00574173778295517,-0.018294498324394226
1771873902749072000,3.71707177734375,0.0021238327026367188,0.0010172836482524872,-0.008469194173812866
1771873902759078000,3.727077880859375,-0.00262451171875,0.0010783448815345764,-0.003929302096366882
1771873902769084200,3.737084228515625,-0.007297515869140625,0.0012417696416378021,0.009745374321937561
1771873902779090200,3.747090087890625,0.006943702697753906,0.0014042779803276062,0.018586456775665283
1771873902789096200,3.75709619140625,0.0068264007568359375,0.0014606975018978119,0.02288171648979187
1771873902799102200,3.767102294921875,0.006718635559082031,0.0014109984040260315,0.008684992790222168
1771873902809108500,3.7771083984375,-0.002803802490234375,-0.003449849784374237,-0.005171731114387512
1771873902819114500,3.787114501953125,-0.0027532577514648438,0.005999483168125153,-0.009587064385414124
1771873902829120500,3.79712060546875,0.002002716064453125,0.001268923282623291,-0.028157994151115417
1771873902839126800,3.807126708984375,-0.012158393859863281,0.001222413033246994,-0.027791783213615417
1771873902849132800,3.8171328125,-0.0072479248046875,0.0013852454721927643,-0.022723540663719177
1771873902859138800,3.827138916015625,-0.0024232864379882812,0.006253957748413086,-0.013237923383712769
1771873902869145000,3.83714501953125,0.0023193359375,0.0015209615230560303,0.0006948262453079224
1771873902879151000,3.847151123046875,0.0022745132446289062,0.006387408822774887,0.019103944301605225
1771873902889157000,3.8571572265625,0.011649131774902344,0.0016503818333148956,0.027892902493476868
1771873902899163100,3.8671630859375,0.0067462921142578125,0.001700904220342636,0.022719725966453552
1771873902909169400,3.87716943359375,0.0019273757934570312,0.0017505846917629242,-0.00109824538230896
1771873902919175400,3.887175537109375,0.0066070556640625,0.0015926770865917206,-0.000872880220413208
1771873902929181400,3.897181396484375,0.0017957687377929688,0.0015407800674438477,-0.01927889883518219
1771873902939187700,3.907187744140625,-0.0029392242431640625,0.01100851222872734,-0.023458629846572876
1771873902949193700,3.91719384765625,0.0018167495727539062,0.0014858655631542206,-0.02317073941230774
1771873902959199700,3.92719970703125,-0.0076351165771484375,0.006351098418235779,-0.008968621492385864
1771873902969206000,3.9372060546875,0.0019006729125976562,0.0017180554568767548,0.0047900378704071045
1771873902979212000,3.9472119140625,0.0065708160400390625,0.0018708258867263794,0.027839943766593933
1771873902989218000,3.957218017578125,0.001750946044921875,-0.0027909204363822937,0.017855674028396606
1771873902999224300,3.967224365234375,0.0017251968383789062,0.011356037110090256,0.0036393404006958008
1771873903009230300,3.977230224609375,0.00170135498046875,0.006329435855150223,-0.0008194595575332642
1771873903019236400,3.987236328125,-0.0030317306518554688,-0.0032185986638069153,-0.010015934705734253
1771873903029242400,3.997242431640625,-0.0029811859130859375,0.015644080936908722,-0.019265905022621155
1771873903039248600,4.00724853515625,-0.007641792297363281,0.00133557990193367,-0.01904788613319397
1771873903049254700,4.017254638671875,-0.0028076171875,0.0013913437724113464,-0.018833503127098083
1771873903059260700,4.0272607421875,-0.0027627944946289062,0.010865174233913422,-0.01862315833568573
1771873903069267000,4.037266845703125,0.0019903182983398438,0.006053507328033447,-0.013707250356674194
1771873903079273000,4.04727294921875,-0.0027551651000976562,0.0059272535145282745,0.00044052302837371826
1771873903089279000,4.057279052734375,-0.002716064453125,0.0011997036635875702,0.00943666696548462
1771873903099285200,4.06728515625,0.002033233642578125,0.010674923658370972,0.018386736512184143
1771873903109291300,4.077291259765625,0.0019969940185546875,-0.0035507529973983765,0.017873823642730713
1771873903119297300,4.08729736328125,0.006671905517578125,0.001193467527627945,0.012867152690887451
1771873903129303300,4.09730322265625,0.001857757568359375,0.005856819450855255,-0.0011626631021499634
1771873903139309600,4.1073095703125,0.0018320083618164062,0.001023467630147934,-0.005540981888771057
1771873903149315600,4.117315673828125,-0.0029048919677734375,0.005689647048711777,-0.014762148261070251
1771873903159321600,4.127321533203125,0.0018520355224609375,0.0056728459894657135,-0.009807229042053223
1771873903169327900,4.137327880859375,0.006527900695800781,0.0009477324783802032,-0.014455452561378479
1771873903179334000,4.147333984375,-0.007709503173828125,0.005718555301427841,-0.00971241295337677
1771873903189340000,4.15733984375,-0.0028743743896484375,-0.008526086807250977,-0.014362677931785583
1771873903199346200,4.16734619140625,0.0018825531005859375,0.0011112280189990997,-0.014123007655143738
1771873903209352200,4.177352294921875,0.0018491744995117188,0.0058793239295482635,-0.004573523998260498
1771873903219358200,4.187358154296875,-0.0028944015502929688,0.001047387719154358,-0.00470377504825592
1771873903229364200,4.1973642578125,-0.0028486251831054688,0.0059217363595962524,0.00458487868309021
1771873903239370500,4.20737060546875,0.0066127777099609375,0.001192476600408554,0.00901058316230774
1771873903249376500,4.21737646484375,0.0017919540405273438,0.00585583969950676,0.004048734903335571
1771873903259382500,4.227382568359375,0.011180877685546875,0.0011294782161712646,-0.0006241351366043091
1771873903269388800,4.237388916015625,0.006287574768066406,-0.0036233030259609222,0.004198536276817322
1771873903279394800,4.247394775390625,-0.007941246032714844,0.005932305008172989,-0.005184948444366455
1771873903289400800,4.25740087890625,0.0016078948974609375,0.0012028701603412628,-0.009806826710700989
1771873903299407000,4.267406982421875,-0.0031299591064453125,0.005969442427158356,-0.01926705241203308
1771873903309413000,4.2774130859375,-0.007786750793457031,0.010656576603651047,-0.009528443217277527
1771873903319419100,4.287419189453125,-0.0029506683349609375,0.0011398009955883026,-0.009472712874412537
1771873903329425400,4.29742529296875,0.0018053054809570312,-0.003509771078824997,-7.152557373046875e-7
1771873903339431400,4.307431396484375,0.0017728805541992188,-0.0033714473247528076,-0.00010426342487335205
1771873903349437400,4.3174375,0.001743316650390625,0.0061817653477191925,0.004605889320373535
1771873903359443500,4.327443359375,0.0017147064208984375,0.001448173075914383,-0.004887774586677551
1771873903369449700,4.33744970703125,0.011103630065917969,0.001502063125371933,-0.004806011915206909
1771873903379455700,4.347455810546875,-0.0032072067260742188,0.0014534741640090942,-0.009434685111045837
1771873903389461800,4.357461669921875,-0.007862091064453125,0.006112482398748398,-0.004568561911582947
1771873903399468000,4.367468017578125,-0.0030221939086914062,0.0012766607105731964,-0.004492118954658508
1771873903409474000,4.37747412109375,-0.0029754638671875,0.0012300275266170502,-0.004623726010322571
1771873903419480000,4.38747998046875,-0.00763702392578125,0.005997948348522186,-0.00946219265460968
1771873903429486300,4.397486328125,0.0019044876098632812,0.005976006388664246,0.009323418140411377
1771873903449498400,4.417498291015625,0.006545066833496094,0.0013815835118293762,0.008605733513832092
1771873903459504400,4.42750439453125,-0.0029811859130859375,0.0061451829969882965,-0.0009545832872390747
1771873903469510700,4.4375107421875,0.0017805099487304688,0.01072600856423378,-0.0007316172122955322
1771873903489522700,4.457522705078125,-0.0028247833251953125,0.0010859109461307526,-0.014369472861289978
1771873903499529000,4.467529052734375,-0.0027780532836914062,0.0010424554347991943,-0.018838301301002502
1771873903509535000,4.477534912109375,-0.007443428039550781,0.010520294308662415,-0.009313598275184631
1771873903519541000,4.487541015625,0.0020933151245117188,0.0010057874023914337,-0.000051021575927734375
1771873903529547300,4.49754736328125,0.0020532608032226562,-0.0035381726920604706,0.009057164192199707
1771873903539553300,4.50755322265625,0.0020170211791992188,-0.003399379551410675,0.004094064235687256
1771873903549559300,4.517559326171875,0.006695747375488281,0.006049115210771561,-0.01460149884223938
1771873903559565600,4.527565673828125,-0.0028276443481445312,0.001214347779750824,-0.018756315112113953
1771873903569571600,4.537571533203125,-0.002777099609375,0.005982529371976852,-0.02765430510044098
1771873903579577600,4.54757763671875,-0.007441520690917969,0.0011488646268844604,-0.027296483516693115
1771873903589583600,4.55758349609375,-0.00732421875,0.0012077316641807556,-0.003711789846420288
1771873903599590000,4.56758984375,-0.007214546203613281,0.006077587604522705,0.014461115002632141
1771873903609596000,4.577595947265625,0.007022857666015625,-0.0033646784722805023,0.02782975137233734
1771873903619602000,4.587601806640625,0.011613845825195312,0.0015814043581485748,0.027262836694717407
1771873903629608200,4.597608154296875,0.0067195892333984375,0.0015314891934394836,0.00838741660118103
1771873903639614200,4.6076142578125,-0.0027990341186523438,0.010794419795274734,-0.009966179728507996
1771873903649620200,4.6176201171875,-0.00745391845703125,0.005878757685422897,-0.018803000450134277
1771873903659626500,4.62762646484375,0.0020875930786132812,0.005858801305294037,-0.023197919130325317
1771873903669632500,4.637632568359375,-0.007369041442871094,-0.003578018397092819,-0.02312113344669342
1771873903679638500,4.647638427734375,0.002162933349609375,0.0012682341039180756,-0.00441800057888031
1771873903689644500,4.65764453125,0.0021219253540039062,0.006035514175891876,0.014179706573486328
1771873903699650800,4.66765087890625,0.006794929504394531,-0.003402445465326309,0.004526004195213318
1771873903709656800,4.67765673828125,0.0019769668579101562,0.010858077555894852,-0.000050961971282958984
1771873903719662800,4.687662841796875,-0.0027627944946289062,0.0060465335845947266,0.000053554773330688477
1771873903729669000,4.697669189453125,-0.012133598327636719,-0.003393411636352539,-0.00936424732208252
1771873903739675100,4.707675048828125,-0.0025167465209960938,0.0014497675001621246,-0.004706040024757385
1771873903749681200,4.71768115234375,0.0022306442260742188,0.006214022636413574,-0.00012592971324920654
1771873903759687400,4.7276875,0.0021905899047851562,0.0015832632780075073,0.0043783038854599
1771873903769693400,4.737693359375,-0.0025548934936523438,-0.003073696047067642,-0.00040297210216522217
1771873903779699500,4.747699462890625,-0.00251007080078125,0.00647454708814621,0.009124130010604858
1771873903789705700,4.757705810546875,-0.007174491882324219,0.0016326941549777985,0.009075731039047241
1771873903799711700,4.767711669921875,-0.002346038818359375,-0.003025095909833908,0.00892476737499237
1771873903809717800,4.7777177734375,-0.0023069381713867188,0.006518740206956863,-0.0006403923034667969
1771873903819723800,4.787723876953125,0.0024423599243164062,0.011196717619895935,-0.014651834964752197
1771873903829730000,4.79772998046875,-0.0023012161254882812,0.0016727335751056671,-0.02351488173007965
1771873903839736000,4.807736083984375,0.00244903564453125,-0.0030891038477420807,-0.046458899974823
1771873903849742000,4.8177421875,-0.007006645202636719,0.011064626276493073,-0.03616419434547424
1771873903859748400,4.827748291015625,-0.0021829605102539062,0.006251446902751923,-0.026247814297676086
1771873903869754400,4.83775439453125,-0.0021572113037109375,0.0015166699886322021,0.006529882550239563
1771873903879760400,4.847760498046875,0.0025739669799804688,-0.0029324516654014587,0.029137328267097473
1771873903889766700,4.8577666015625,0.007229804992675781,-0.0027003809809684753,0.04686567187309265
1771873903899772700,4.867772705078125,0.011821746826171875,0.0020278766751289368,0.022748634219169617
1771873903909778700,4.87777880859375,0.011638641357421875,0.006573941558599472,-0.023889169096946716
1771873903919784700,4.88778466796875,-0.0073719024658203125,-0.003081556409597397,-0.05541709065437317
1771873903929791000,4.897791015625,-0.02136516571044922,0.0063634514808654785,-0.05868534743785858
1771873903939797000,4.907796875,-0.016310691833496094,0.011149205267429352,-0.025367513298988342
1771873903949803000,4.917802978515625,-0.011356353759765625,0.001832764595746994,0.025299087166786194
1771873903959809300,4.927809326171875,0.007643699645996094,-0.0025164522230625153,0.051681652665138245
1771873903969815300,4.937815185546875,0.016922950744628906,-0.006999913603067398,0.06903427839279175
1771873903979821300,4.9478212890625,0.011940956115722656,0.0025103799998760223,0.04485742747783661
1771873903989827600,4.95782763671875,0.007052421569824219,0.0022364482283592224,0.026412859559059143
1771873903999833600,4.96783349609375,-0.0071735382080078125,-0.007245149463415146,-0.005952984094619751
1771873904009839600,4.977839599609375,-0.011754035949707031,0.006976038217544556,-0.03829675912857056
1771873904019845600,4.987845703125,-0.0068492889404296875,0.0022291988134384155,-0.056492552161216736
1771873904029852000,4.997851806640625,-0.0020313262939453125,0.002373427152633667,-0.055860817432403564
1771873904039858000,5.00785791015625,-0.006711006164550781,0.0071204714477062225,-0.031696632504463196
1771873904049864000,5.017864013671875,0.002811431884765625,0.002371210604906082,-0.008038550615310669
1771873904059870200,5.0278701171875,-0.006659507751464844,0.0024115145206451416,0.005807548761367798
1771873904069876200,5.037876220703125,0.0028638839721679688,0.00715792179107666,0.014818146824836731
1771873904079882200,5.04788232421875,0.007521629333496094,-0.0023005567491054535,0.02378194034099579
1771873904089888500,5.057888427734375,0.002685546875,0.0024210289120674133,0.03269970417022705
1771873904099894500,5.06789453125,-0.006777763366699219,-0.0021465234458446503,0.03676024079322815
1771873904109900500,5.077900634765625,0.012169837951660156,0.0073844678699970245,0.012604907155036926
1771873904119906800,5.08790673828125,0.007264137268066406,0.007236048579216003,-0.001420527696609497
1771873904129912800,5.097912841796875,0.002445220947265625,0.006986726075410843,-0.03844507038593292
1771873904139918800,5.1079189453125,-0.0070056915283203125,0.011450149118900299,-0.04209910333156586
1771873904149924900,5.1179248046875,-0.011595726013183594,0.006527166813611984,-0.041294246912002563
1771873904159931100,5.12793115234375,-0.011410713195800781,0.0017896182835102081,-0.022288665175437927
1771873904169937200,5.137937255859375,-0.006526947021484375,0.002046361565589905,0.010112479329109192
1771873904179943200,5.147943115234375,0.0076923370361328125,0.006902232766151428,0.041974082589149475
1771873904189949400,5.157949462890625,0.01226806640625,0.002156626433134079,0.036256104707717896
1771873904199955500,5.16795556640625,0.0120697021484375,0.011512532830238342,0.02664843201637268
1771873904209961500,5.17796142578125,-0.0022430419921875,-0.0028304792940616608,0.0034886151552200317
1771873904219967700,5.1879677734375,-0.0021953582763671875,0.0017965734004974365,-0.01478336751461029
1771873904229973800,5.197973876953125,-0.01157379150390625,0.006553243845701218,-0.02855910360813141
1771873904239979800,5.207979736328125,-0.006676673889160156,-0.0028951503336429596,-0.028392940759658813
1771873904249985800,5.21798583984375,0.0028467178344726562,-0.002665512263774872,-0.014103755354881287
1771873904259992000,5.227991943359375,0.002796173095703125,0.00687592476606369,-0.014075607061386108
1771873904269998000,5.237998046875,-0.00196075439453125,0.0021307505667209625,-0.01865270733833313
1771873904280004000,5.248004150390625,-0.0019245147705078125,0.0067784711718559265,-0.013426199555397034
1771873904290010400,5.25801025390625,-0.011311531066894531,0.006745319813489914,-0.008597388863563538
1771873904300016400,5.268016357421875,-0.011129379272460938,0.0021074973046779633,0.0005494505167007446
1771873904310022400,5.2780224609375,-0.001537322998046875,0.002255558967590332,0.023462876677513123
1771873904320028700,5.288028564453125,0.0031881332397460938,-0.0024108178913593292,0.03668060898780823
1771873904330034700,5.29803466796875,0.0031328201293945312,0.002312619239091873,0.03125759959220886
1771873904340040700,5.308040771484375,0.003086090087890625,0.00224873423576355,0.021629855036735535
1771873904350047000,5.318046875,0.0030450820922851562,0.0021859146654605865,-0.006361708045005798
1771873904360053000,5.328052978515625,-0.0017042160034179688,0.011436164379119873,-0.02917766571044922
1771873904370059000,5.33805908203125,0.0030384063720703125,0.00661497563123703,-0.037798166275024414
1771873904380065000,5.34806494140625,-0.011139869689941406,-0.002832643687725067,-0.04198034107685089
1771873904390071300,5.3580712890625,-0.0015439987182617188,0.0020029880106449127,-0.022859930992126465
1771873904400077300,5.368077392578125,-0.0015287399291992188,0.002150982618331909,-0.01839025318622589
1771873904410083300,5.378083251953125,-0.0015096664428710938,0.0022983215749263763,0.009754180908203125
1771873904420089600,5.388089599609375,0.007927894592285156,0.011757023632526398,0.009281337261199951
1771873904430095600,5.398095703125,0.0077953338623046875,0.006932292133569717,0.01383507251739502
1771873904440101600,5.4081015625,0.00766754150390625,0.006894771009683609,0.013708159327507019
1771873904450108000,5.41810791015625,0.0028333663940429688,0.011464904993772507,0.008874282240867615
1771873904460114000,5.428114013671875,-0.0019207000732421875,0.0019346512854099274,-0.0005871355533599854
1771873904470120000,5.438119873046875,0.0028219223022460938,0.0018770545721054077,-0.0004736781120300293
1771873904480126000,5.4481259765625,-0.006642341613769531,0.0019237883388996124,-0.00046549737453460693
1771873904490132200,5.45813232421875,-0.0018215179443359375,0.006574966013431549,-0.014479860663414001
1771873904500138200,5.46813818359375,-0.006499290466308594,0.0018348060548305511,-0.023655429482460022
1771873904510144300,5.478144287109375,-0.001682281494140625,0.006590832024812698,-0.01855228841304779
1771873904520150500,5.488150634765625,-0.0016546249389648438,0.006558995693922043,-0.022951379418373108
1771873904530156500,5.498156494140625,-0.0016317367553710938,0.006527688354253769,-0.013461470603942871
1771873904540162600,5.50816259765625,-0.011026382446289062,0.006496906280517578,0.0005788654088973999
1771873904550168800,5.5181689453125,-0.001430511474609375,0.006570000201463699,0.00025941431522369385
1771873904560174800,5.5281748046875,0.003299713134765625,0.006538510322570801,0.009569212794303894
1771873904570180900,5.538180908203125,0.0032444000244140625,0.0017989538609981537,0.00941002368927002
1771873904580187100,5.548187255859375,0.0031919479370117188,0.006452206522226334,-0.00006033480167388916
1771873904590193200,5.558193115234375,0.0031423568725585938,0.0016125291585922241,-0.013978555798530579
1771873904600199200,5.56819921875,-0.0016164779663085938,0.010979298502206802,-0.01364240050315857
1771873904610205200,5.578205078125,-0.0015926361083984375,0.006165720522403717,-0.00891287624835968
1771873904620211500,5.58821142578125,0.0031385421752929688,0.006037600338459015,-0.008970767259597778
1771873904630217500,5.598217529296875,-0.006333351135253906,0.001306392252445221,0.00980667769908905
1771873904640223500,5.608223388671875,0.0031862258911132812,-0.0033459700644016266,0.018853992223739624
1771873904650229800,5.618229736328125,-0.0015773773193359375,-0.003315553069114685,0.013728082180023193
1771873904660235800,5.62823583984375,0.0031576156616210938,0.001526322215795517,0.004082381725311279
1771873904670241800,5.63824169921875,0.003108978271484375,0.0014755316078662872,-0.005195826292037964
1771873904680248000,5.648248046875,-0.0016498565673828125,0.006239347159862518,-0.014423221349716187
1771873904690254000,5.658254150390625,-0.0016202926635742188,0.006111811846494675,-0.023496851325035095
1771873904700260000,5.668260009765625,-0.0015935897827148438,0.006089765578508377,-0.02310541272163391
1771873904710266000,5.67826611328125,-0.0015697479248046875,0.006068091839551926,-0.022927239537239075
1771873904720272400,5.6882724609375,-0.0015468597412109375,0.006046779453754425,-0.01333482563495636
1771873904730278400,5.6982783203125,-0.00152587890625,-0.0032880008220672607,-0.0040056705474853516
1771873904740284400,5.708284423828125,-0.0015048980712890625,0.0015534088015556335,0.005168482661247253
1771873904750290700,5.718290771484375,-0.0014820098876953125,0.006315927952528,0.0002702176570892334
1771873904760296700,5.728296630859375,-0.006165504455566406,0.0015800818800926208,0.0049746036529541016
1771873904770303000,5.738302978515625,-0.006060600280761719,0.0016317591071128845,0.014412552118301392
1771873904780309000,5.74830908203125,-0.010667800903320312,0.0016825757920742035,0.009464025497436523
1771873904790315300,5.758315185546875,-0.005782127380371094,0.011253096163272858,0.009203225374221802
1771873904800321300,5.7683212890625,0.0084381103515625,0.0017263628542423248,-0.00047041475772857666
1771873904810327600,5.77832763671875,0.008302688598632812,0.006484195590019226,-0.014277979731559753
1771873904820333600,5.78833349609375,-0.001247406005859375,0.006352577358484268,-0.03256449103355408
1771873904830339800,5.79833984375,-0.0012226104736328125,0.006221335381269455,-0.03181473910808563
1771873904840345900,5.808345947265625,-0.005913734436035156,-0.0032197199761867523,-0.026782795786857605
1771873904850352000,5.81835205078125,-0.0011138916015625,0.0018290914595127106,-0.012727618217468262
1771873904860358100,5.828358154296875,0.008313179016113281,0.001981787383556366,-0.0036153048276901245
1771873904870364400,5.838364501953125,0.008170127868652344,0.0020267628133296967,0.005552351474761963
1771873904880370400,5.848370361328125,0.0033235549926757812,0.002070993185043335,0.019482538104057312
1771873904890376700,5.858376708984375,-0.00144195556640625,0.0021144896745681763,0.019054755568504333
1771873904900382700,5.8683828125,-0.0014209747314453125,0.00696922093629837,0.027947917580604553
1771873904910389000,5.878388916015625,0.008017539978027344,0.0021191276609897614,0.01796187460422516
1771873904920395000,5.88839501953125,0.0031785964965820312,0.002058461308479309,-0.005673453211784363
1771873904930401300,5.8984013671875,0.0031337738037109375,0.006709195673465729,-0.0333138108253479
1771873904940407300,5.9084072265625,-0.0016183853149414062,0.011179056018590927,-0.051076292991638184
1771873904950413600,5.91841357421875,-0.011004447937011719,0.010969195514917374,-0.05472704768180847
1771873904960419600,5.928419677734375,-0.01082611083984375,0.006155770272016525,-0.025873154401779175
1771873904970425900,5.93842578125,-0.010660171508789062,0.00623636320233345,0.001982554793357849
1771873904980432000,5.948431884765625,-0.0010833740234375,-0.0031015872955322266,0.029167264699935913
1771873904990438100,5.958438232421875,0.013050079345703125,-0.0029700808227062225,0.0516037791967392
1771873905000444200,5.968444091796875,0.012830734252929688,-0.0029459260404109955,0.050640642642974854
1771873905010450400,5.978450439453125,0.012625694274902344,0.0017864294350147247,0.02677077054977417
1771873905020456400,5.98845654296875,0.007720947265625,0.011045131832361221,-0.0010997205972671509
1771873905030462700,5.998462646484375,-0.0018167495727539062,0.0014167092740535736,-0.019398167729377747
1771873905040468700,6.00846875,-0.0017824172973632812,0.0013677440583705902,-0.02828502655029297
1771873905050475000,6.01847509765625,-0.0064640045166015625,0.0062349215149879456,-0.03743724524974823
1771873905060481000,6.02848095703125,0.0077648162841796875,0.011020984500646591,-0.032414510846138
1771873905070487000,6.038487060546875,0.0029239654541015625,0.0014999359846115112,-0.017955392599105835
1771873905080493300,6.048493408203125,-0.001834869384765625,0.0015547610819339752,-0.0036339014768600464
1771873905090499300,6.058499267578125,-0.0065155029296875,0.006315447390079498,0.005637422204017639
1771873905100505300,6.06850537109375,-0.001705169677734375,0.0016847923398017883,0.02396419644355774
1771873905110511600,6.07851171875,0.0030269622802734375,0.0017347261309623718,0.018546387553215027
1771873905120517600,6.088517578125,-0.00173187255859375,-0.0030281394720077515,0.013528987765312195
1771873905130523600,6.098523681640625,0.007719993591308594,0.0017055794596672058,-0.005220487713813782
1771873905140529700,6.10852978515625,-0.006526947021484375,0.0016536042094230652,-0.014137357473373413
1771873905150536000,6.118535888671875,-0.011122703552246094,0.006309278309345245,-0.02311190962791443
1771873905160542000,6.1285419921875,-0.001522064208984375,0.0015753544867038727,-0.02283024787902832
1771873905170548000,6.1385478515625,-0.0062122344970703125,0.006337512284517288,-0.018154799938201904
1771873905180554200,6.14855419921875,0.0032978057861328125,0.0017064809799194336,-0.004346802830696106
1771873905190560300,6.158560302734375,0.012651443481445312,-0.0028473734855651855,0.01875162124633789
1771873905200566300,6.168566162109375,0.007729530334472656,0.006697092205286026,0.027649372816085815
1771873905210572500,6.178572509765625,0.007602691650390625,0.0066634975373744965,0.02258363366127014
1771873905220578600,6.18857861328125,0.007481575012207031,-0.0027867257595062256,0.0036832690238952637
1771873905230584600,6.19858447265625,0.0026540756225585938,-0.002660464495420456,-0.0054853856563568115
1771873905240590600,6.208590576171875,0.0026159286499023438,0.00206892192363739,-0.02862699329853058
1771873905250596900,6.218596923828125,-0.006842613220214844,0.011531457304954529,-0.0327552855014801
1771873905260603000,6.228602783203125,-0.0020198822021484375,0.0067104920744895935,-0.027500927448272705
1771873905270609000,6.23860888671875,-0.00199127197265625,-0.002738717943429947,-0.017935678362846375
1771873905280615200,6.248615234375,0.0027437210083007812,0.0020953528583049774,-0.008633211255073547
1771873905290621200,6.25862109375,0.00269317626953125,0.002140253782272339,0.005326181650161743
1771873905300627200,6.268627197265625,0.0026454925537109375,0.006892997771501541,0.00032189488410949707
1771873905310633500,6.278633544921875,-0.0021076202392578125,0.006857939064502716,0.005024939775466919
1771873905320639500,6.288639404296875,-0.002071380615234375,0.0022164396941661835,0.014358684420585632
1771873905330645500,6.2986455078125,-0.006747245788574219,0.0022593215107917786,0.009307220578193665
1771873905340651500,6.308651611328125,-0.0019273757934570312,0.002403058111667633,0.013757646083831787
1771873905350657800,6.31865771484375,-0.0018930435180664062,0.0023394525051116943,-0.0004942417144775391
1771873905360663800,6.328663818359375,0.0028486251831054688,-0.0023301206529140472,-0.0003823190927505493
1771873905370669800,6.338669921875,0.0028047561645507812,0.007203925400972366,-0.02371188998222351
1771873905380676000,6.348676025390625,-0.0019483566284179688,0.007058504968881607,-0.018504410982131958
1771873905390682000,6.35868212890625,-0.001918792724609375,0.007020685821771622,-0.013694331049919128
1771873905400688000,6.368688232421875,-0.0018911361694335938,0.011793658137321472,-0.00435870885848999
1771873905410694400,6.3786943359375,-0.0018644332885742188,0.002361290156841278,0.018947124481201172
1771873905420700400,6.388700439453125,0.007578849792480469,-0.007017236202955246,0.018321529030799866
1771873905430706400,6.39870654296875,-0.001964569091796875,0.007303524762392044,0.013307884335517883
1771873905440712700,6.408712646484375,0.0027828216552734375,0.007258031517267227,-0.005437403917312622
1771873905450718700,6.41871875,0.007452964782714844,0.011820308864116669,-0.014350175857543945
1771873905460724700,6.428724853515625,0.0026254653930664062,0.002180755138397217,-0.027926355600357056
1771873905470730800,6.438730712890625,-0.0021266937255859375,0.006931018084287643,-0.027460604906082153
1771873905480737000,6.448737060546875,0.002613067626953125,0.00689532607793808,-0.01789604127407074
1771873905490743000,6.458742919921875,0.0025625228881835938,0.011568829417228699,-0.00859425961971283
1771873905500749000,6.4687490234375,0.016640663146972656,0.0020368359982967377,-0.004052266478538513
1771873905510755300,6.47875537109375,0.0022344589233398438,0.006892874836921692,0.009934604167938232
1771873905520761300,6.48876123046875,-0.0025129318237304688,0.00685601681470871,0.01437455415725708
1771873905530767400,6.498767333984375,0.006946563720703125,0.006819769740104675,0.00471806526184082
1771873905540773600,6.508773681640625,0.006833076477050781,-0.00263306125998497,0.00003451108932495117
1771873905550779600,6.518779541015625,0.0067195892333984375,0.006906036287546158,-0.004674360156059265
1771873905560785700,6.52878564453125,0.006608009338378906,0.006868958473205566,0.009529635310173035
1771873905570791700,6.538791748046875,0.0017862319946289062,0.0021239109337329865,0.00916433334350586
1771873905580798000,6.5487978515625,0.0017547607421875,0.006875135004520416,0.008908510208129883
1771873905590804000,6.558803955078125,0.011143684387207031,0.002233371138572693,-0.005365461111068726
1771873905600810000,6.56881005859375,0.0015468597412109375,0.006982769817113876,-0.009674161672592163
1771873905610816300,6.578816162109375,0.0015249252319335938,0.0021324381232261658,-0.018723055720329285
1771873905620822300,6.588822265625,-0.007915496826171875,0.002071533352136612,-0.023015916347503662
1771873905630828300,6.598828369140625,-0.0030765533447265625,0.011534035205841064,-0.01802729070186615
1771873905650840600,6.618840576171875,-0.0029087066650390625,0.006779048591852188,0.0003479868173599243
1771873905660846600,6.6288466796875,0.006554603576660156,0.011556070297956467,0.004844307899475098
1771873905670852900,6.638852783203125,0.0111541748046875,0.0067347027361392975,0.014180585741996765
1771873905680859000,6.64885888671875,0.001556396484375,0.00659710168838501,0.004837498068809509
1771873905690865000,6.658864990234375,-0.0031747817993164062,0.006566982716321945,0.0002548694610595703
1771873905700871000,6.668870849609375,0.0015869140625,0.0018269680440425873,-0.00445769727230072
1771873905710877200,6.678877197265625,-0.007859230041503906,0.0018745437264442444,-0.004589870572090149
1771873905720883200,6.68888330078125,0.006394386291503906,0.001921325922012329,-0.000011235475540161133
1771873905730889200,6.69888916015625,0.0015773773193359375,0.0019673295319080353,-0.009531348943710327
1771873905740895500,6.7088955078125,0.006259918212890625,-0.0027994178235530853,-0.009372204542160034
1771873905750901500,6.718901611328125,-0.007967948913574219,0.006742455065250397,-0.004403725266456604
1771873905760907500,6.728907470703125,-0.0031261444091796875,0.001999516040086746,0.005087167024612427
1771873905770913800,6.738913818359375,-0.007786750793457031,0.006651230156421661,0.00008684396743774414
1771873905780919800,6.748919921875,-0.007658958435058594,-0.0027969852089881897,-0.000018164515495300293
1771873905790925800,6.75892578125,0.006596565246582031,-0.0027739182114601135,-0.014040455222129822
1771873905800931800,6.768931884765625,0.006488800048828125,0.0020607449114322662,-0.01370324194431305
1771873905810938000,6.778938232421875,-0.0030364990234375,0.002106230705976486,-0.00876644253730774
1771873905820944100,6.788944091796875,0.0017194747924804688,0.006857741624116898,0.005298987030982971
1771873905830950100,6.7989501953125,0.0016851425170898438,-0.0026991069316864014,0.014318004250526428
1771873905840956400,6.808956298828125,0.006360054016113281,0.002029120922088623,0.009060904383659363
1771873905850962400,6.81896240234375,0.0015459060668945312,0.0019699446856975555,0.008910179138183594
1771873905860968400,6.828968505859375,0.00152587890625,0.0019117556512355804,0.004363536834716797
1771873905870974700,6.838974609375,-0.007910728454589844,0.0018545351922512054,-0.004815936088562012
1771873905880980700,6.848980712890625,-0.012483596801757812,0.011318843811750412,-0.013945803046226501
1771873905890986800,6.85898681640625,0.2750415802001953,0.014674387872219086,0.20836202800273895
1771873905910999000,6.8789990234375,-1.386998176574707,-0.04462706670165062,-0.7234354019165039
1771873905921005000,6.889005126953125,0.029111862182617188,0.07436265051364899,-0.004870116710662842
1771873905931011000,6.899010986328125,0.4427518844604492,-0.0658833235502243,0.21938082575798035
